residue_name,hydrophob_value,surf_acc,don_count,acp_count,hpb_count,pos_count,neg_count,arm_count,Cysteine,aromatic_stacking,hydrogen_bond,hydrophobic,repulsive,attractive,L_hydrophob_value,L_surf_acc,L_don_count,L_acp_count,L_hpb_count,L_pos_count,L_neg_count,L_arm_count,L_aromatic_stacking,L_hydrogen_bond,L_hydrophobic,L_repulsive,L_attractive,Label
I_ARG34,-4.5,-1.14,1,1,1,0,0,0,0,0,1,1,0,0,0.1499999999999999,-0.044999999999999984,1.0,1.0,2.5,0.0,0.0,0.0,0.0,2.5,1.5,0.0,0.0,0.0
I_GLN35,-3.5,-0.69,1,1,1,0,0,0,0,0,3,2,0,0,3.65,0.6925,1.25,1.25,2.5,0.0,0.0,0.0,0.0,2.75,1.25,0.0,0.0,0.0
I_LEU36,3.8,0.6,1,1,1,0,0,0,0,0,2,1,0,0,0.5,-0.044999999999999984,1.0,1.0,2.5,0.0,0.0,0.0,0.0,2.0,1.5,0.0,0.0,0.0
I_GLN37,-3.5,-0.69,1,1,1,0,0,0,0,0,2,0,0,0,2.8,0.46,1.0,1.0,7.0,0.0,0.0,6.0,0.0,2.0,0.0,0.0,0.0,0.0
I_PHE38,2.8,0.46,1,1,7,0,0,6,0,0,2,0,0,0,-1.3,-0.15,2.0,2.0,6.0,0.0,0.0,6.0,0.0,3.0,0.0,0.0,0.0,0.0
I_TYR39,-1.3,-0.15,2,2,6,0,0,6,0,0,3,0,0,0,-4.5,-1.14,4.0,1.0,2.0,4.0,0.0,0.0,0.0,4.0,0.0,0.0,3.5,0.0
I_ARG40,-4.5,-1.14,4,1,2,4,0,0,0,0,5,0,0,7,-0.07499999999999996,0.0025000000000000022,1.5,2.0,1.75,0.0,0.5,0.0,0.0,3.25,0.0,0.0,1.75,0.0
I_ASN41,-3.5,-0.55,2,2,1,0,0,0,0,0,2,0,0,0,3.8,0.6,1.0,1.0,4.0,0.0,0.0,0.0,0.0,4.0,0.0,0.0,0.0,0.0
I_LEU42,3.8,0.6,1,1,4,0,0,0,0,0,4,0,0,0,0.8666666666666667,0.27999999999999997,1.3333333333333333,1.3333333333333333,1.3333333333333333,0.0,0.0,0.0,0.0,2.6666666666666665,0.0,0.0,0.0,0.0
I_GLY43,-0.4,0.43,1,1,0,0,0,0,0,0,2,0,0,0,-3.9,-1.62,2.0,1.0,3.0,1.0,0.0,0.0,0.0,2.0,0.0,0.0,0.0,0.0
I_LYS44,-3.9,-1.62,2,1,3,1,0,0,0,0,2,0,0,0,-0.8,-0.19,2.0,2.0,0.0,0.0,0.0,0.0,0.0,3.0,0.0,0.0,0.0,0.0
I_SER45,-0.8,-0.19,2,2,0,0,0,0,0,0,3,0,0,0,-0.4,0.43,1.0,1.0,0.0,0.0,0.0,0.0,0.0,2.0,0.0,0.0,0.0,0.0
I_GLY46,-0.4,0.43,1,1,0,0,0,0,0,0,2,0,0,0,3.8,0.6,1.0,1.0,4.0,0.0,0.0,0.0,0.0,3.0,0.0,0.0,0.0,0.0
I_LEU47,3.8,0.6,1,1,4,0,0,0,0,0,3,0,0,0,-4.5,-1.14,4.0,1.0,2.0,4.0,0.0,0.0,0.0,3.0,0.0,0.0,0.0,0.0
I_ARG48,-4.5,-1.14,4,1,2,4,0,0,0,0,3,0,0,0,4.2,0.6,1.0,1.0,3.0,0.0,0.0,0.0,0.0,4.0,0.0,0.0,0.0,0.0
I_VAL49,4.2,0.6,1,1,3,0,0,0,0,0,4,0,0,0,-0.8,-0.19,2.0,2.0,0.0,0.0,0.0,0.0,0.0,2.0,0.0,0.0,0.0,0.0
I_SER50,-0.8,-0.19,2,2,0,0,0,0,0,0,2,0,0,0,2.5,0.97,2.0,2.0,1.0,0.0,0.0,0.0,0.0,5.0,0.0,0.0,0.0,0.0
I_CYS51,2.5,0.97,2,2,1,0,0,0,1,0,5,0,0,0,4.0,0.6,1.0,1.0,3.5,0.0,0.0,0.0,0.0,3.5,0.5,0.0,0.0,0.0
I_LEU52,3.8,0.6,1,1,4,0,0,0,0,0,2,1,0,0,2.05,0.515,1.0,1.0,2.0,0.0,0.0,0.0,0.0,3.0,1.5,0.0,0.0,0.0
I_GLY53,-0.4,0.43,1,1,0,0,0,0,0,0,4,0,0,0,3.9333333333333336,0.6,1.0,1.0,3.6666666666666665,0.0,0.0,0.0,0.0,3.6666666666666665,0.0,0.0,0.0,0.0
I_LEU54,3.8,0.6,1,1,4,0,0,0,0,0,2,0,0,0,-0.4,0.43,1.0,1.0,0.0,0.0,0.0,0.0,0.0,3.0,0.0,0.0,0.0,0.0
I_GLY55,-0.4,0.43,1,1,0,0,0,0,0,0,3,0,0,0,1.5499999999999998,0.13999999999999999,1.5,1.5,2.5,0.0,0.0,0.0,0.0,3.5,1.5,0.0,0.0,1.0
I_THR56,-0.7,-0.32,2,2,1,0,0,0,0,0,3,3,0,0,-0.5333333333333335,0.07666666666666666,1.3333333333333333,1.6666666666666667,5.0,0.0,0.6666666666666666,5.0,0.3333333333333333,3.6666666666666665,2.6666666666666665,0.0,0.6666666666666666,1.0
I_TRP57,-0.9,0.29,2,1,7,0,0,9,0,1,3,2,0,0,0.7333333333333334,0.043333333333333314,1.6666666666666667,1.6666666666666667,3.3333333333333335,0.0,0.0,2.0,0.3333333333333333,3.0,1.3333333333333333,0.0,0.0,1.0
I_VAL58,4.2,0.6,1,1,3,0,0,0,0,0,2,2,0,0,-0.7,-0.32,2.0,2.0,1.0,0.0,0.0,0.0,0.0,4.0,0.0,0.0,0.0,0.0
I_THR59,-0.7,-0.32,2,2,1,0,0,0,0,0,4,0,0,0,2.8,0.46,1.0,1.0,7.0,0.0,0.0,6.0,0.0,3.0,6.0,0.0,0.0,0.0
I_PHE60,2.8,0.46,1,1,7,0,0,6,0,0,3,6,0,0,1.8666666666666665,0.4366666666666667,1.0,1.0,1.3333333333333333,0.0,0.0,0.0,0.0,2.3333333333333335,1.0,0.0,0.0,0.0
I_GLY61,-0.4,0.43,1,1,0,0,0,0,0,0,2,0,0,0,-0.4,0.43,1.0,1.0,0.0,0.0,0.0,0.0,0.0,2.0,0.0,0.0,0.0,0.0
I_GLY62,-0.4,0.43,1,1,0,0,0,0,0,0,2,0,0,0,-3.5,-0.69,2.0,2.0,2.0,0.0,0.0,0.0,0.0,2.0,0.0,0.0,0.0,0.0
I_GLN63,-3.5,-0.69,2,2,2,0,0,0,0,0,2,0,0,0,4.5,0.6,1.0,1.0,4.0,0.0,0.0,0.0,0.0,2.0,0.0,0.0,0.0,0.0
I_ILE64,4.5,0.6,1,1,4,0,0,0,0,0,2,0,0,0,-0.7,-0.32,2.0,2.0,1.0,0.0,0.0,0.0,0.0,2.0,0.0,0.0,0.0,0.0
I_THR65,-0.7,-0.32,2,2,1,0,0,0,0,0,2,0,0,0,-3.5,-0.52,1.0,3.0,1.0,0.0,2.0,0.0,0.0,3.0,0.0,0.0,0.0,0.0
I_ASP66,-3.5,-0.52,1,3,1,0,2,0,0,0,3,0,0,0,-3.5,-1.01,1.0,3.0,2.0,0.0,2.0,0.0,0.0,4.5,0.0,0.0,2.0,0.0
I_GLU67,-3.5,-1.01,1,3,2,0,2,0,0,0,3,0,0,0,-0.8,-0.12999999999999998,1.5,2.0,2.5,0.0,0.0,0.0,0.0,3.5,0.0,0.0,0.0,0.0
I_MET68,1.9,0.43,1,2,3,0,0,0,0,0,3,0,0,0,2.8,0.44,1.0,1.0,2.5,0.0,0.0,0.0,0.0,3.5,1.5,0.0,0.0,0.0
I_ALA69,1.8,0.28,1,1,1,0,0,0,0,0,3,2,0,0,-0.8,-0.29000000000000004,1.0,2.5,2.5,0.0,1.0,0.0,0.0,5.0,1.5,0.0,2.0,0.0
I_GLU70,-3.5,-1.01,1,3,2,0,2,0,0,0,6,0,0,4,-3.0,-1.0625,2.0,1.5,2.25,0.5,0.0,0.0,0.0,3.75,0.25,0.0,1.0,0.0
I_GLN71,-3.5,-0.69,2,2,2,0,0,0,0,0,4,0,0,0,3.8,0.6,1.0,1.0,4.0,0.0,0.0,0.0,0.0,4.0,0.5,0.0,0.0,0.0
I_LEU72,3.8,0.6,1,1,4,0,0,0,0,0,4,1,0,0,2.4999999999999996,0.4366666666666667,1.0,1.3333333333333333,2.6666666666666665,0.0,0.0,0.0,0.0,3.3333333333333335,1.3333333333333333,0.0,0.0,0.0
I_MET73,1.9,0.43,1,2,3,0,0,0,0,0,4,3,0,0,-0.025000000000000022,0.06999999999999999,1.75,1.5,5.25,0.0,0.0,5.25,0.0,3.0,2.75,0.0,0.0,0.0
I_THR74,-0.7,-0.32,2,2,1,0,0,0,0,0,5,0,0,0,0.1499999999999999,0.03999999999999998,1.0,2.0,2.5,0.0,1.0,0.0,0.0,3.5,0.0,0.0,0.0,0.0
I_LEU75,3.8,0.6,1,1,4,0,0,0,0,0,4,0,0,0,-0.85,-0.135,1.5,1.5,1.0,0.0,0.0,0.0,0.0,3.0,0.0,0.0,0.0,0.0
I_ALA76,1.8,0.28,1,1,1,0,0,0,0,0,3,0,0,0,-1.3,-0.15,2.0,2.0,6.0,0.0,0.0,6.0,0.0,3.0,4.0,0.0,0.0,0.0
I_TYR77,-1.3,-0.15,2,2,6,0,0,6,0,0,3,4,0,0,-0.20000000000000018,0.12333333333333331,1.3333333333333333,1.6666666666666667,4.0,0.0,0.6666666666666666,3.0,0.0,2.3333333333333335,2.0,0.0,0.0,0.0
I_ASP78,-3.5,-0.52,1,3,1,0,2,0,0,0,3,0,0,0,-3.5,-0.55,2.0,2.0,1.0,0.0,0.0,0.0,0.0,3.0,0.0,0.0,0.0,0.0
I_ASN79,-3.5,-0.55,2,2,1,0,0,0,0,0,3,0,0,0,-0.4,0.43,1.0,1.0,0.0,0.0,0.0,0.0,0.0,2.0,0.0,0.0,0.0,0.0
I_GLY80,-0.4,0.43,1,1,0,0,0,0,0,0,2,0,0,0,4.5,0.6,1.0,1.0,4.0,0.0,0.0,0.0,0.0,2.0,0.0,0.0,0.0,0.0
I_ILE81,4.5,0.6,1,1,4,0,0,0,0,0,2,0,0,0,-3.5,-0.55,2.0,2.0,1.0,0.0,0.0,0.0,0.0,3.0,0.0,0.0,0.0,0.0
I_ASN82,-3.5,-0.55,2,2,1,0,0,0,0,0,3,0,0,0,4.0,0.6,1.0,1.0,3.5,0.0,0.0,0.0,0.0,2.5,0.0,0.0,0.0,0.0
I_LEU83,3.8,0.6,1,1,4,0,0,0,0,0,2,0,0,0,2.8,0.46,1.0,1.0,7.0,0.0,0.0,6.0,0.0,2.0,2.0,0.0,0.0,0.0
I_PHE84,2.8,0.46,1,1,7,0,0,6,0,0,2,2,0,0,-3.5,-0.52,1.0,3.0,1.0,0.0,2.0,0.0,0.0,5.0,0.0,0.0,2.0,0.0
I_ASP85,-3.5,-0.52,1,3,1,0,2,0,0,0,5,0,0,2,-1.7666666666666666,-0.7533333333333334,2.0,1.6666666666666667,1.6666666666666667,0.3333333333333333,0.0,0.0,0.0,3.0,0.6666666666666666,0.0,0.6666666666666666,1.0
I_THR86,-0.7,-0.32,2,2,1,0,0,0,0,0,3,1,0,0,0.55,-0.01999999999999999,1.5,1.5,1.0,0.0,0.0,0.0,0.0,3.0,1.0,0.0,0.0,0.0
I_ALA87,1.8,0.28,1,1,1,0,0,0,0,0,3,1,0,0,-2.4,-0.58,1.5,2.5,4.0,0.0,1.0,3.0,0.5,2.5,1.0,0.0,3.0,0.0
I_GLU88,-3.5,-1.01,1,3,2,0,2,0,0,0,2,0,0,6,-1.1666666666666667,-0.2833333333333333,2.6666666666666665,1.6666666666666667,2.0,2.0,0.0,1.6666666666666667,0.0,2.6666666666666665,0.6666666666666666,0.0,4.333333333333333,0.0
I_VAL89,4.2,0.6,1,1,3,0,0,0,0,0,2,2,0,0,-1.1,0.06999999999999999,2.0,1.5,6.5,0.0,0.0,7.5,0.5,2.5,1.5,0.0,0.0,0.0
I_TYR90,-1.3,-0.15,2,2,6,0,0,6,0,1,3,2,0,0,0.7,0.355,1.0,1.0,0.5,0.0,0.0,0.0,0.0,3.0,0.0,0.0,0.0,1.0
I_ALA91,1.8,0.28,1,1,1,0,0,0,0,0,3,0,0,0,-1.0499999999999998,-0.67,1.5,1.0,2.0,0.5,0.0,0.0,0.0,2.5,0.0,0.0,0.0,0.0
I_ALA92,1.8,0.28,1,1,1,0,0,0,0,0,2,0,0,0,-0.4,0.43,1.0,1.0,0.0,0.0,0.0,0.0,0.0,3.0,0.0,0.0,0.0,0.0
I_GLY93,-0.4,0.43,1,1,0,0,0,0,0,0,3,0,0,0,-3.9,-1.62,2.0,1.0,3.0,1.0,0.0,0.0,0.0,3.0,0.0,0.0,0.0,0.0
I_LYS94,-3.9,-1.62,2,1,3,1,0,0,0,0,3,0,0,0,1.8,0.28,1.0,1.0,1.0,0.0,0.0,0.0,0.0,3.0,0.0,0.0,0.0,0.0
I_ALA95,1.8,0.28,1,1,1,0,0,0,0,0,3,0,0,0,0.1499999999999999,-0.20500000000000002,1.0,2.0,3.0,0.0,1.0,0.0,0.0,2.5,0.0,0.0,3.5,0.0
I_GLU96,-3.5,-1.01,1,3,2,0,2,0,0,0,2,0,0,7,-0.1499999999999999,-0.26999999999999996,2.5,1.0,2.5,2.0,0.0,0.0,0.0,2.5,0.0,0.0,5.0,0.0
I_VAL97,4.2,0.6,1,1,3,0,0,0,0,0,2,0,0,0,4.2,0.6,1.0,1.0,3.0,0.0,0.0,0.0,0.0,2.0,1.0,0.0,0.0,0.0
I_VAL98,4.2,0.6,1,1,3,0,0,0,0,0,2,1,0,0,3.8,0.6,1.0,1.0,4.0,0.0,0.0,0.0,0.0,3.0,0.0,0.0,0.0,0.0
I_LEU99,3.8,0.6,1,1,4,0,0,0,0,0,3,0,0,0,-0.4,0.43,1.0,1.0,0.0,0.0,0.0,0.0,0.0,2.0,0.0,0.0,0.0,0.0
I_GLY100,-0.4,0.43,1,1,0,0,0,0,0,0,2,0,0,0,-3.5,-0.55,2.0,2.0,1.0,0.0,0.0,0.0,0.0,2.0,0.0,0.0,0.0,0.0
I_ASN101,-3.5,-0.55,2,2,1,0,0,0,0,0,2,0,0,0,4.5,0.6,1.0,1.0,4.0,0.0,0.0,0.0,0.0,3.0,0.0,0.0,0.0,0.0
I_ILE102,4.5,0.6,1,1,4,0,0,0,0,0,3,0,0,0,0.30000000000000004,-0.51,1.5,1.0,3.5,0.5,0.0,0.0,0.0,3.0,0.0,0.0,1.0,0.0
I_ILE103,4.5,0.6,1,1,4,0,0,0,0,0,2,0,0,0,-3.9,-1.62,2.0,1.0,3.0,1.0,0.0,0.0,0.0,2.0,0.0,0.0,0.0,0.0
I_LYS104,-3.9,-1.62,2,1,3,1,0,0,0,0,2,0,0,0,-3.9,-1.62,2.0,1.0,3.0,1.0,0.0,0.0,0.0,4.0,0.0,0.0,2.0,0.0
I_LYS105,-3.9,-1.62,2,1,3,1,0,0,0,0,4,0,0,2,-3.9,-1.62,2.0,1.0,3.0,1.0,0.0,0.0,0.0,2.0,1.0,0.0,2.0,0.0
I_LYS106,-3.9,-1.62,2,1,3,1,0,0,0,0,2,1,0,2,-0.65,0.36,1.5,1.0,3.5,0.0,0.0,4.5,0.0,2.0,2.5,0.0,0.0,0.0
I_GLY107,-0.4,0.43,1,1,0,0,0,0,0,0,2,0,0,0,-0.9,0.29,2.0,1.0,7.0,0.0,0.0,9.0,0.0,2.0,5.0,0.0,0.0,0.0
I_TRP108,-0.9,0.29,2,1,7,0,0,9,0,0,2,5,0,0,-4.5,-1.14,4.0,1.0,2.0,4.0,0.0,0.0,0.0,2.0,0.0,0.0,0.0,0.0
I_ARG109,-4.5,-1.14,4,1,2,4,0,0,0,0,2,0,0,0,-4.5,-1.14,4.0,1.0,2.0,4.0,0.0,0.0,0.0,2.0,0.0,0.0,7.0,0.0
I_ARG110,-4.5,-1.14,4,1,2,4,0,0,0,0,2,0,0,7,-2.15,-0.355,1.5,2.5,0.5,0.0,1.0,0.0,0.0,3.0,0.0,0.0,3.5,0.0
I_SER111,-0.8,-0.19,2,2,0,0,0,0,0,0,2,0,0,0,-0.8,-0.19,2.0,2.0,0.0,0.0,0.0,0.0,0.0,2.0,0.0,0.0,0.0,0.0
I_SER112,-0.8,-0.19,2,2,0,0,0,0,0,0,2,0,0,0,3.8,0.6,1.0,1.0,4.0,0.0,0.0,0.0,0.0,2.0,1.0,0.0,0.0,0.0
I_LEU113,3.8,0.6,1,1,4,0,0,0,0,0,2,1,0,0,4.2,0.6,1.0,1.0,3.0,0.0,0.0,0.0,0.0,3.0,0.0,0.0,0.0,0.0
I_VAL114,4.2,0.6,1,1,3,0,0,0,0,0,3,0,0,0,4.5,0.6,1.0,1.0,4.0,0.0,0.0,0.0,0.0,3.0,0.0,0.0,0.0,0.0
I_ILE115,4.5,0.6,1,1,4,0,0,0,0,0,3,0,0,0,-2.1,-0.42000000000000004,1.5,2.5,1.0,0.0,1.0,0.0,0.0,3.5,0.0,0.0,3.5,0.0
I_THR116,-0.7,-0.32,2,2,1,0,0,0,0,0,3,0,0,0,-0.7,-0.32,2.0,2.0,1.0,0.0,0.0,0.0,0.0,3.0,1.0,0.0,0.0,0.0
I_THR117,-0.7,-0.32,2,2,1,0,0,0,0,0,3,1,0,0,-0.55,-0.5800000000000001,1.5,1.0,5.0,0.5,0.0,3.0,0.0,3.0,2.0,0.0,1.0,0.0
I_LYS118,-3.9,-1.62,2,1,3,1,0,0,0,0,3,1,0,2,3.65,0.53,1.0,1.0,5.5,0.0,0.0,3.0,0.0,2.5,1.5,0.0,0.0,1.0
I_ILE119,4.5,0.6,1,1,4,0,0,0,0,0,2,0,0,0,2.8,0.46,1.0,1.0,7.0,0.0,0.0,6.0,0.0,2.0,5.0,0.0,0.0,0.0
I_PHE120,2.8,0.46,1,1,7,0,0,6,0,0,2,5,0,0,-2.966666666666667,-0.4666666666666666,2.6666666666666665,1.3333333333333333,3.3333333333333335,1.3333333333333333,0.0,3.0,0.0,1.6666666666666667,2.0,0.6666666666666666,0.0,0.0
I_TRP121,-0.9,0.29,2,1,7,0,0,9,0,0,2,1,0,0,-0.4,0.43,1.0,1.0,0.0,0.0,0.0,0.0,0.0,3.0,0.0,0.0,0.0,0.0
I_GLY122,-0.4,0.43,1,1,0,0,0,0,0,0,3,0,0,0,-1.95,-0.29000000000000004,1.0,2.0,1.0,0.0,1.0,0.0,0.0,2.5,0.5,0.0,0.0,0.0
I_GLY123,-0.4,0.43,1,1,0,0,0,0,0,0,2,0,0,0,-3.9,-1.62,2.0,1.0,3.0,1.0,0.0,0.0,0.0,2.0,0.0,0.0,0.0,0.0
I_LYS124,-3.9,-1.62,2,1,3,1,0,0,0,0,2,0,0,0,1.8,0.28,1.0,1.0,1.0,0.0,0.0,0.0,0.0,2.0,1.0,0.0,0.0,0.0
I_ALA125,1.8,0.28,1,1,1,0,0,0,0,0,2,1,0,0,-3.5,-1.01,1.0,3.0,2.0,0.0,2.0,0.0,0.0,2.5,0.5,0.0,0.0,0.0
I_GLU126,-3.5,-1.01,1,3,2,0,2,0,0,0,2,0,0,0,-0.7,-0.32,2.0,2.0,1.0,0.0,0.0,0.0,0.0,2.0,0.0,0.0,0.0,0.0
I_THR127,-0.7,-0.32,2,2,1,0,0,0,0,0,2,0,0,0,-3.5,-1.01,1.0,3.0,2.0,0.0,2.0,0.0,0.0,3.0,1.0,0.0,0.0,0.0
I_GLU128,-3.5,-1.01,1,3,2,0,2,0,0,0,3,1,0,0,-4.5,-1.14,4.0,1.0,2.0,4.0,0.0,0.0,0.0,2.0,0.0,2.0,0.0,0.0
I_ARG129,-4.5,-1.14,4,1,2,4,0,0,0,0,2,0,2,0,-2.45,-0.355,2.5,1.0,1.0,2.0,0.0,0.0,0.0,1.5,2.0,1.0,0.0,0.0
I_GLY130,-0.4,0.43,1,1,0,0,0,0,0,0,2,0,0,0,3.8,0.6,1.0,1.0,4.0,0.0,0.0,0.0,0.0,3.0,0.0,0.0,0.0,0.0
I_LEU131,3.8,0.6,1,1,4,0,0,0,0,0,3,0,0,0,-2.15,-0.355,1.5,2.5,0.5,0.0,1.0,0.0,0.0,2.5,0.0,0.0,0.0,0.0
I_SER132,-0.8,-0.19,2,2,0,0,0,0,0,0,2,0,0,0,-4.5,-1.14,4.0,1.0,2.0,4.0,0.0,0.0,0.0,2.0,0.0,8.0,0.0,0.0
I_ARG133,-4.5,-1.14,4,1,2,4,0,0,0,0,2,0,8,0,-3.55,-0.9650000000000001,2.5,2.0,2.0,1.5,0.0,2.5,0.0,3.0,0.0,4.0,1.0,0.0
I_LYS134,-3.9,-1.62,2,1,3,1,0,0,0,0,3,0,0,2,-3.35,-0.66,2.0,3.0,1.5,1.0,1.0,2.5,0.0,3.5,0.0,0.0,2.5,0.0
I_HIS135,-3.2,-0.31,3,3,1,2,0,5,0,0,3,0,0,3,2.05,0.515,1.0,1.0,2.0,0.0,0.0,0.0,0.0,3.0,0.0,0.0,0.0,0.0
I_ILE136,4.5,0.6,1,1,4,0,0,0,0,0,2,0,0,0,4.5,0.6,1.0,1.0,4.0,0.0,0.0,0.0,0.0,2.0,0.0,0.0,0.0,0.0
I_ILE137,4.5,0.6,1,1,4,0,0,0,0,0,2,0,0,0,-3.5,-1.01,1.0,3.0,2.0,0.0,2.0,0.0,0.0,4.0,0.0,0.0,2.0,0.0
I_GLU138,-3.5,-1.01,1,3,2,0,2,0,0,0,4,0,0,2,0.7,0.355,1.0,1.0,0.5,0.0,0.0,0.0,0.0,4.0,0.0,0.0,0.0,0.0
I_GLY139,-0.4,0.43,1,1,0,0,0,0,0,0,4,0,0,0,1.5,0.205,1.5,1.5,2.0,0.0,0.0,0.0,0.0,3.0,0.0,0.0,0.0,0.0
I_LEU140,3.8,0.6,1,1,4,0,0,0,0,0,3,0,0,0,-0.050000000000000044,-0.51,1.5,1.0,3.5,0.5,0.0,0.0,0.0,3.0,0.5,0.0,0.0,0.0
I_LYS141,-3.9,-1.62,2,1,3,1,0,0,0,0,3,1,0,0,0.06666666666666665,-0.09999999999999999,1.0,2.0,2.0,0.0,0.6666666666666666,0.0,0.0,3.0,0.3333333333333333,0.0,0.0,0.0
I_ALA142,1.8,0.28,1,1,1,0,0,0,0,0,4,0,0,0,-2.65,-0.6649999999999999,3.0,1.5,1.0,2.0,0.0,0.0,0.0,3.0,0.0,0.0,5.0,0.0
I_SER143,-0.8,-0.19,2,2,0,0,0,0,0,0,3,0,0,0,3.8,0.6,1.0,1.0,4.0,0.0,0.0,0.0,0.0,3.0,0.0,0.0,0.0,0.0
I_LEU144,3.8,0.6,1,1,4,0,0,0,0,0,3,0,0,0,-3.5,-1.01,1.0,3.0,2.0,0.0,2.0,0.0,0.0,3.0,0.0,0.0,0.0,0.0
I_GLU145,-3.5,-1.01,1,3,2,0,2,0,0,0,3,0,0,0,-4.5,-1.14,4.0,1.0,2.0,4.0,0.0,0.0,0.0,3.0,0.0,0.0,10.0,0.0
I_ARG146,-4.5,-1.14,4,1,2,4,0,0,0,0,3,0,0,10,3.8,0.6,1.0,1.0,4.0,0.0,0.0,0.0,0.0,2.0,0.0,0.0,0.0,0.0
I_LEU147,3.8,0.6,1,1,4,0,0,0,0,0,2,0,0,0,-3.5,-0.69,2.0,2.0,2.0,0.0,0.0,0.0,0.0,2.0,0.0,0.0,0.0,0.0
I_GLN148,-3.5,-0.69,2,2,2,0,0,0,0,0,2,0,0,0,3.8,0.6,1.0,1.0,4.0,0.0,0.0,0.0,0.0,2.0,0.0,0.0,0.0,0.0
I_LEU149,3.8,0.6,1,1,4,0,0,0,0,0,2,0,0,0,-3.5,-1.01,1.0,3.0,2.0,0.0,2.0,0.0,0.0,2.0,0.0,0.0,0.0,0.0
I_GLU150,-3.5,-1.01,1,3,2,0,2,0,0,0,2,0,0,0,-1.3,-0.15,2.0,2.0,6.0,0.0,0.0,6.0,0.0,2.0,0.0,0.0,0.0,0.0
I_TYR151,-1.3,-0.15,2,2,6,0,0,6,0,0,2,0,0,0,4.2,0.6,1.0,1.0,3.0,0.0,0.0,0.0,0.0,2.0,0.0,0.0,0.0,0.0
I_VAL152,4.2,0.6,1,1,3,0,0,0,0,0,2,0,0,0,-3.5,-0.52,1.0,3.0,1.0,0.0,2.0,0.0,0.0,4.0,0.0,0.0,7.0,0.0
I_ASP153,-3.5,-0.52,1,3,1,0,2,0,0,0,4,0,0,7,1.4500000000000002,0.22499999999999998,1.5,1.5,4.5,0.0,0.0,3.0,0.0,2.5,2.0,0.0,0.0,0.0
I_VAL154,4.2,0.6,1,1,3,0,0,0,0,0,2,2,0,0,3.5,0.53,1.0,1.0,5.0,0.0,0.0,3.0,0.0,2.5,1.5,0.0,0.0,0.0
I_VAL155,4.2,0.6,1,1,3,0,0,0,0,0,2,0,0,0,2.8,0.46,1.0,1.0,7.0,0.0,0.0,6.0,0.0,3.0,3.0,0.0,0.0,0.0
I_PHE156,2.8,0.46,1,1,7,0,0,6,0,0,3,3,0,0,1.8,0.28,1.0,1.0,1.0,0.0,0.0,0.0,0.0,2.0,0.0,0.0,0.0,0.0
I_ALA157,1.8,0.28,1,1,1,0,0,0,0,0,2,0,0,0,-3.5,-0.55,2.0,2.0,1.0,0.0,0.0,0.0,0.0,2.0,1.0,0.0,0.0,0.0
I_ASN158,-3.5,-0.55,2,2,1,0,0,0,0,0,2,1,0,0,-4.5,-1.14,4.0,1.0,2.0,4.0,0.0,0.0,0.0,1.0,4.0,2.0,0.0,1.0
I_ARG159,-4.5,-1.14,4,1,2,4,0,0,0,0,1,4,2,0,0.0,0.0,0.0,0.0,0.0,0.0,0.0,0.0,0.0,0.0,0.0,0.0,0.0,0.0
I_PRO160,-1.6,-0.42,0,1,2,0,0,0,0,0,1,0,0,0,-3.5,-0.52,1.0,3.0,1.0,0.0,2.0,0.0,0.0,3.0,0.0,0.0,0.0,0.0
I_ASP161,-3.5,-0.52,1,3,1,0,2,0,0,0,3,0,0,0,-0.7,-0.32,2.0,2.0,1.0,0.0,0.0,0.0,0.0,2.0,0.0,0.0,0.0,0.0
I_PRO162,-1.6,-0.42,0,1,2,0,0,0,0,0,1,0,0,0,-3.5,-0.55,2.0,2.0,1.0,0.0,0.0,0.0,0.0,2.0,0.0,0.0,0.0,0.0
I_ASN163,-3.5,-0.55,2,2,1,0,0,0,0,0,2,0,0,0,-0.7,-0.32,2.0,2.0,1.0,0.0,0.0,0.0,0.0,2.0,0.0,0.0,0.0,0.0
I_THR164,-0.7,-0.32,2,2,1,0,0,0,0,0,2,0,0,0,0.0,0.0,0.0,0.0,0.0,0.0,0.0,0.0,0.0,0.0,0.0,0.0,0.0,0.0
I_PRO165,-1.6,-0.42,0,1,2,0,0,0,0,0,1,0,0,0,1.9,0.43,1.0,2.0,3.0,0.0,0.0,0.0,0.0,3.0,1.0,0.0,0.0,0.0
I_MET166,1.9,0.43,1,2,3,0,0,0,0,0,3,1,0,0,-0.06666666666666658,-0.040000000000000036,1.3333333333333333,1.6666666666666667,4.0,0.0,0.6666666666666666,3.0,0.0,3.6666666666666665,1.6666666666666667,0.0,2.3333333333333335,0.0
I_GLU167,-3.5,-1.01,1,3,2,0,2,0,0,0,3,0,0,7,-4.0,-1.075,2.5,2.0,2.0,2.0,1.0,0.0,0.0,3.5,0.0,0.0,3.5,0.0
I_GLU168,-3.5,-1.01,1,3,2,0,2,0,0,0,3,0,0,0,0.55,-0.01999999999999999,1.5,1.5,1.0,0.0,0.0,0.0,0.0,3.5,0.0,0.0,0.0,0.0
I_THR169,-0.7,-0.32,2,2,1,0,0,0,0,0,3,0,0,0,3.05,0.515,1.0,1.5,3.0,0.0,0.0,0.0,0.0,4.0,1.5,0.0,0.0,0.0
I_VAL170,4.2,0.6,1,1,3,0,0,0,0,0,5,1,0,0,-0.4666666666666668,-0.2866666666666667,2.3333333333333335,1.3333333333333333,2.3333333333333335,1.3333333333333333,0.0,0.0,0.0,4.0,0.3333333333333333,0.0,2.3333333333333335,0.0
I_ARG171,-4.5,-1.14,4,1,2,4,0,0,0,0,4,0,0,7,-0.7000000000000001,-0.014999999999999986,2.0,2.0,1.0,1.0,0.0,2.5,0.0,3.5,0.0,4.0,0.0,0.0
I_ALA172,1.8,0.28,1,1,1,0,0,0,0,0,4,0,0,0,3.05,0.515,1.0,1.5,3.0,0.0,0.0,0.0,0.0,3.0,1.0,0.0,0.0,0.0
I_MET173,1.9,0.43,1,2,3,0,0,0,0,0,3,2,0,0,-0.8,-0.015000000000000013,2.0,1.5,4.0,0.0,0.0,4.5,0.0,3.5,1.0,0.0,0.0,0.0
I_THR174,-0.7,-0.32,2,2,1,0,0,0,0,0,5,0,0,0,-3.35,-0.43000000000000005,2.5,2.5,1.0,1.0,0.0,2.5,0.0,3.0,0.0,4.0,0.0,0.0
I_HIS175,-3.2,-0.31,3,3,1,2,0,5,0,0,3,0,8,0,4.2,0.6,1.0,1.0,3.0,0.0,0.0,0.0,0.0,3.0,0.0,0.0,0.0,0.0
I_VAL176,4.2,0.6,1,1,3,0,0,0,0,0,3,0,0,0,4.5,0.6,1.0,1.0,4.0,0.0,0.0,0.0,0.0,2.0,0.0,0.0,0.0,0.0
I_ILE177,4.5,0.6,1,1,4,0,0,0,0,0,2,0,0,0,-3.5,-0.55,2.0,2.0,1.0,0.0,0.0,0.0,0.0,3.0,0.0,0.0,0.0,0.0
I_ASN178,-3.5,-0.55,2,2,1,0,0,0,0,0,3,0,0,0,-3.5,-0.69,2.0,2.0,2.0,0.0,0.0,0.0,0.0,2.0,0.0,0.0,0.0,0.0
I_GLN179,-3.5,-0.69,2,2,2,0,0,0,0,0,2,0,0,0,-0.4,0.43,1.0,1.0,0.0,0.0,0.0,0.0,0.0,2.0,0.0,0.0,0.0,0.0
I_GLY180,-0.4,0.43,1,1,0,0,0,0,0,0,2,0,0,0,1.9,0.43,1.0,2.0,3.0,0.0,0.0,0.0,0.0,2.0,1.0,0.0,0.0,0.0
I_MET181,1.9,0.43,1,2,3,0,0,0,0,0,2,1,0,0,1.8,0.28,1.0,1.0,1.0,0.0,0.0,0.0,0.0,2.0,0.0,0.0,0.0,0.0
I_ALA182,1.8,0.28,1,1,1,0,0,0,0,0,2,0,0,0,1.9,0.43,1.0,2.0,3.0,0.0,0.0,0.0,0.0,2.0,1.0,0.0,0.0,0.0
I_MET183,1.9,0.43,1,2,3,0,0,0,0,0,2,1,0,0,-1.3,-0.15,2.0,2.0,6.0,0.0,0.0,6.0,0.0,3.0,2.0,0.0,0.0,0.0
I_TYR184,-1.3,-0.15,2,2,6,0,0,6,0,0,3,2,0,0,1.8,0.44499999999999995,1.5,1.0,5.5,0.0,0.0,4.5,0.0,2.0,1.5,0.0,0.0,0.0
I_TRP185,-0.9,0.29,2,1,7,0,0,9,0,0,2,2,0,0,-0.4,0.43,1.0,1.0,0.0,0.0,0.0,0.0,0.0,2.0,0.0,0.0,0.0,0.0
I_GLY186,-0.4,0.43,1,1,0,0,0,0,0,0,2,0,0,0,-0.7,-0.32,2.0,2.0,1.0,0.0,0.0,0.0,0.0,3.0,2.0,0.0,0.0,0.0
I_THR187,-0.7,-0.32,2,2,1,0,0,0,0,0,3,2,0,0,-1.7333333333333334,-0.30333333333333334,1.6666666666666667,2.0,3.0,0.0,0.6666666666666666,3.0,0.0,3.3333333333333335,1.3333333333333333,0.0,0.6666666666666666,0.0
I_SER188,-0.8,-0.19,2,2,0,0,0,0,0,0,2,0,0,0,-4.5,-1.14,4.0,1.0,2.0,4.0,0.0,0.0,0.0,2.0,0.0,0.0,0.0,1.0
I_ARG189,-4.5,-1.14,4,1,2,4,0,0,0,0,2,0,0,0,-0.9,0.29,2.0,1.0,7.0,0.0,0.0,9.0,0.0,3.0,4.0,0.0,0.0,1.0
I_TRP190,-0.9,0.29,2,1,7,0,0,9,0,0,3,4,0,0,-2.733333333333333,-0.9400000000000001,1.6666666666666667,2.0,1.6666666666666667,0.3333333333333333,0.6666666666666666,0.0,0.0,2.6666666666666665,0.3333333333333333,0.0,0.6666666666666666,0.0
I_SER191,-0.8,-0.19,2,2,0,0,0,0,0,0,2,0,0,0,-0.8,-0.19,2.0,2.0,0.0,0.0,0.0,0.0,0.0,3.0,0.0,0.0,0.0,0.0
I_SER192,-0.8,-0.19,2,2,0,0,0,0,0,0,3,0,0,0,1.9,0.43,1.0,2.0,3.0,0.0,0.0,0.0,0.0,3.5,0.0,0.0,0.0,0.0
I_MET193,1.9,0.43,1,2,3,0,0,0,0,0,3,0,0,0,-3.5,-1.01,1.0,3.0,2.0,0.0,2.0,0.0,0.0,3.5,0.5,0.0,0.0,0.0
I_GLU194,-3.5,-1.01,1,3,2,0,2,0,0,0,3,1,0,0,3.15,0.44,1.0,1.0,2.5,0.0,0.0,0.0,0.0,3.5,0.0,0.0,0.0,0.0
I_ILE195,4.5,0.6,1,1,4,0,0,0,0,0,3,0,0,0,0.29999999999999993,0.14,1.5,2.0,4.5,0.0,0.0,3.0,0.0,4.0,1.0,0.0,0.0,0.0
I_MET196,1.9,0.43,1,2,3,0,0,0,0,0,4,0,0,0,-2.15,-0.6,1.5,2.5,1.0,0.0,1.0,0.0,0.0,4.0,0.0,0.0,0.0,0.0
I_GLU197,-3.5,-1.01,1,3,2,0,2,0,0,0,4,0,0,0,3.0,0.44,1.0,1.0,2.0,0.0,0.0,0.0,0.0,3.5,0.0,0.0,0.0,0.0
I_ALA198,1.8,0.28,1,1,1,0,0,0,0,0,4,0,0,0,0.25,0.06500000000000002,1.5,1.5,3.5,0.0,0.0,3.0,0.0,4.0,1.0,0.0,0.0,0.0
I_TYR199,-1.3,-0.15,2,2,6,0,0,6,0,0,4,2,0,0,-0.26666666666666666,-0.24333333333333332,2.3333333333333335,1.3333333333333333,2.0,1.3333333333333333,0.0,0.0,0.0,3.0,0.6666666666666666,0.0,0.0,0.0
I_SER200,-0.8,-0.19,2,2,0,0,0,0,0,0,4,0,0,0,0.3500000000000001,-0.044999999999999984,1.5,1.5,2.5,0.0,0.0,0.0,0.0,3.0,0.5,0.0,0.0,0.0
I_VAL201,4.2,0.6,1,1,3,0,0,0,0,0,3,0,0,0,1.8,0.28,1.0,1.0,1.0,0.0,0.0,0.0,0.0,4.0,0.0,0.0,0.0,0.0
I_ALA202,1.8,0.28,1,1,1,0,0,0,0,0,4,0,0,0,-0.3500000000000001,-0.26999999999999996,2.5,1.0,3.0,2.0,0.0,0.0,0.0,3.0,1.0,0.0,0.0,0.0
I_ARG203,-4.5,-1.14,4,1,2,4,0,0,0,0,3,1,0,0,-3.5,-0.69,2.0,2.0,2.0,0.0,0.0,0.0,0.0,3.0,1.0,0.0,0.0,0.0
I_GLN204,-3.5,-0.69,2,2,2,0,0,0,0,0,3,1,0,0,2.8,0.46,1.0,1.0,7.0,0.0,0.0,6.0,0.0,2.0,1.0,0.0,0.0,0.0
I_PHE205,2.8,0.46,1,1,7,0,0,6,0,0,2,1,0,0,-3.5,-0.55,2.0,2.0,1.0,0.0,0.0,0.0,0.0,2.0,0.0,0.0,0.0,0.0
I_ASN206,-3.5,-0.55,2,2,1,0,0,0,0,0,2,0,0,0,3.8,0.6,1.0,1.0,4.0,0.0,0.0,0.0,0.0,3.0,1.0,0.0,0.0,0.0
I_LEU207,3.8,0.6,1,1,4,0,0,0,0,0,3,1,0,0,-0.7,-0.32,2.0,2.0,1.0,0.0,0.0,0.0,0.0,1.0,0.0,0.0,0.0,0.0
I_THR208,-0.7,-0.32,2,2,1,0,0,0,0,0,1,0,0,0,0.0,0.0,0.0,0.0,0.0,0.0,0.0,0.0,0.0,0.0,0.0,0.0,0.0,0.0
I_PRO209,-1.6,-0.42,0,1,2,0,0,0,0,0,0,0,0,0,0.0,0.0,0.0,0.0,0.0,0.0,0.0,0.0,0.0,0.0,0.0,0.0,0.0,0.0
I_PRO210,-1.6,-0.42,0,1,2,0,0,0,0,0,1,0,0,0,4.5,0.6,1.0,1.0,4.0,0.0,0.0,0.0,0.0,2.0,1.0,0.0,0.0,0.0
I_ILE211,4.5,0.6,1,1,4,0,0,0,0,0,2,1,0,0,2.5,0.97,2.0,2.0,1.0,0.0,0.0,0.0,0.0,2.0,0.0,0.0,0.0,0.0
I_CYS212,2.5,0.97,2,2,1,0,0,0,1,0,2,0,0,0,-3.5,-1.01,1.0,3.0,2.0,0.0,2.0,0.0,0.0,5.0,0.0,0.0,2.0,0.0
I_GLU213,-3.5,-1.01,1,3,2,0,2,0,0,0,5,0,0,2,-1.475,-0.36250000000000004,1.5,1.5,2.0,0.25,0.0,0.0,0.0,2.75,0.0,0.0,0.5,0.0
I_GLN214,-3.5,-0.69,2,2,2,0,0,0,0,0,2,0,0,0,1.8,0.28,1.0,1.0,1.0,0.0,0.0,0.0,0.0,3.0,0.0,0.0,0.0,1.0
I_ALA215,1.8,0.28,1,1,1,0,0,0,0,0,3,0,0,0,-2.2,-0.36,1.5,2.0,4.5,0.0,1.0,4.5,0.0,2.5,3.0,0.0,1.5,0.0
I_GLU216,-3.5,-1.01,1,3,2,0,2,0,0,0,2,3,0,3,-1.8,-0.05666666666666667,2.3333333333333335,2.0,4.666666666666667,0.6666666666666666,0.0,6.666666666666667,0.0,2.6666666666666665,2.6666666666666665,0.3333333333333333,1.0,0.0
I_TYR217,-1.3,-0.15,2,2,6,0,0,6,0,0,3,5,0,0,-0.8,-0.26,1.75,2.25,1.75,0.5,0.5,1.25,0.0,2.25,1.25,0.25,4.25,0.0
I_HIS218,-3.2,-0.31,3,3,1,2,0,5,0,0,2,0,1,3,-1.0,-0.5950000000000001,1.5,1.5,3.0,0.5,0.0,0.0,0.0,2.5,0.5,0.5,0.0,0.0
I_MET219,1.9,0.43,1,2,3,0,0,0,0,0,2,0,0,0,2.8,0.46,1.0,1.0,7.0,0.0,0.0,6.0,0.0,2.0,1.0,0.0,0.0,0.0
I_PHE220,2.8,0.46,1,1,7,0,0,6,0,0,2,1,0,0,0.1499999999999999,-0.044999999999999984,1.5,1.5,3.0,0.0,0.0,0.0,0.0,3.0,0.5,0.0,0.0,0.0
I_GLN221,-3.5,-0.69,2,2,2,0,0,0,0,0,2,0,0,0,-4.5,-1.14,4.0,1.0,2.0,4.0,0.0,0.0,0.0,2.0,0.0,7.0,15.0,0.0
I_ARG222,-4.5,-1.14,4,1,2,4,0,0,0,0,2,0,7,15,-3.75,-0.9199999999999999,1.75,2.5,1.75,1.0,1.5,0.0,0.0,3.0,0.0,1.75,8.5,0.0
I_GLU223,-3.5,-1.01,1,3,2,0,2,0,0,0,3,0,0,0,0.15000000000000013,-0.51,1.5,1.0,3.0,0.5,0.0,0.0,0.0,3.0,1.0,0.0,1.0,0.0
I_LYS224,-3.9,-1.62,2,1,3,1,0,0,0,0,3,0,0,2,4.2,0.6,1.0,1.0,3.0,0.0,0.0,0.0,0.0,2.0,4.0,0.0,0.0,0.0
I_VAL225,4.2,0.6,1,1,3,0,0,0,0,0,2,4,0,0,-3.5,-1.01,1.0,3.0,2.0,0.0,2.0,0.0,0.0,3.0,0.0,0.0,14.0,0.0
I_GLU226,-3.5,-1.01,1,3,2,0,2,0,0,0,3,0,0,14,-0.1499999999999999,-0.26999999999999996,2.5,1.0,2.5,2.0,0.0,0.0,0.0,3.0,1.0,3.5,4.5,0.0
I_VAL227,4.2,0.6,1,1,3,0,0,0,0,0,3,2,0,0,-2.55,-0.5549999999999999,1.0,1.5,2.0,0.0,0.0,0.0,0.0,1.5,1.0,0.0,0.0,0.0
I_GLN228,-3.5,-0.69,2,2,2,0,0,0,0,0,2,1,0,0,3.8,0.6,1.0,1.0,4.0,0.0,0.0,0.0,0.0,2.0,0.0,0.0,0.0,0.0
I_LEU229,3.8,0.6,1,1,4,0,0,0,0,0,2,0,0,0,2.8,0.46,1.0,1.0,7.0,0.0,0.0,6.0,0.0,3.0,0.0,0.0,0.0,0.0
I_PRO230,-1.6,-0.42,0,1,2,0,0,0,0,0,2,0,0,0,-3.35,-0.66,2.0,3.0,1.5,1.0,1.0,2.5,0.0,3.0,0.0,0.0,0.0,0.0
I_GLU231,-3.5,-1.01,1,3,2,0,2,0,0,0,3,0,0,0,-0.050000000000000044,-0.51,1.5,1.0,3.5,0.5,0.0,0.0,0.0,2.5,0.0,0.0,0.0,0.0
I_LEU232,3.8,0.6,1,1,4,0,0,0,0,0,2,0,0,0,2.8,0.46,1.0,1.0,7.0,0.0,0.0,6.0,0.0,3.0,0.0,0.0,0.0,0.0
I_PHE233,2.8,0.46,1,1,7,0,0,6,0,0,3,0,0,0,-3.2,-0.31,3.0,3.0,1.0,2.0,0.0,5.0,0.0,3.0,0.0,0.0,0.0,0.0
I_HIS234,-3.2,-0.31,3,3,1,2,0,5,0,0,3,0,0,0,-3.9,-1.62,2.0,1.0,3.0,1.0,0.0,0.0,0.0,3.0,0.0,0.0,0.0,0.0
I_LYS235,-3.9,-1.62,2,1,3,1,0,0,0,0,3,0,0,0,4.5,0.6,1.0,1.0,4.0,0.0,0.0,0.0,0.0,2.0,1.0,0.0,0.0,0.0
I_ILE236,4.5,0.6,1,1,4,0,0,0,0,0,2,1,0,0,-0.4,0.43,1.0,1.0,0.0,0.0,0.0,0.0,0.0,2.0,0.0,0.0,0.0,0.0
I_GLY237,-0.4,0.43,1,1,0,0,0,0,0,0,2,0,0,0,4.2,0.6,1.0,1.0,3.0,0.0,0.0,0.0,0.0,2.0,0.0,0.0,0.0,0.0
I_VAL238,4.2,0.6,1,1,3,0,0,0,0,0,2,0,0,0,-0.4,0.43,1.0,1.0,0.0,0.0,0.0,0.0,0.0,3.0,0.0,0.0,0.0,0.0
I_GLY239,-0.4,0.43,1,1,0,0,0,0,0,0,3,0,0,0,1.8,0.28,1.0,1.0,1.0,0.0,0.0,0.0,0.0,2.0,0.0,0.0,0.0,0.0
I_ALA240,1.8,0.28,1,1,1,0,0,0,0,0,2,0,0,0,1.9,0.43,1.0,2.0,3.0,0.0,0.0,0.0,0.0,3.0,0.0,0.0,0.0,0.0
I_MET241,1.9,0.43,1,2,3,0,0,0,0,0,3,0,0,0,-0.7,-0.32,2.0,2.0,1.0,0.0,0.0,0.0,0.0,2.0,1.0,0.0,0.0,0.0
I_THR242,-0.7,-0.32,2,2,1,0,0,0,0,0,2,1,0,0,-0.9,0.29,2.0,1.0,7.0,0.0,0.0,9.0,0.0,3.0,3.0,0.0,0.0,0.0
I_TRP243,-0.9,0.29,2,1,7,0,0,9,0,0,3,3,0,0,-0.8,-0.19,2.0,2.0,0.0,0.0,0.0,0.0,0.0,1.0,0.0,0.0,0.0,1.0
I_SER244,-0.8,-0.19,2,2,0,0,0,0,0,0,1,0,0,0,0.0,0.0,0.0,0.0,0.0,0.0,0.0,0.0,0.0,0.0,0.0,0.0,0.0,1.0
I_PRO245,-1.6,-0.42,0,1,2,0,0,0,0,0,1,0,0,0,3.8,0.6,1.0,1.0,4.0,0.0,0.0,0.0,0.0,3.0,0.0,0.0,0.0,1.0
I_LEU246,3.8,0.6,1,1,4,0,0,0,0,0,3,0,0,0,3.15,0.44,1.0,1.0,2.5,0.0,0.0,0.0,0.0,2.5,0.5,0.0,0.0,1.0
I_ALA247,1.8,0.28,1,1,1,0,0,0,0,0,2,1,0,0,3.35,0.7849999999999999,1.5,1.5,2.0,0.0,0.0,0.0,0.0,2.0,0.5,0.0,0.0,0.0
I_CYS248,2.5,0.97,2,2,1,0,0,0,1,0,2,0,0,0,-0.4,0.43,1.0,1.0,0.0,0.0,0.0,0.0,0.0,3.0,0.0,0.0,0.0,1.0
I_GLY249,-0.4,0.43,1,1,0,0,0,0,0,0,3,0,0,0,1.85,0.205,1.5,1.5,2.0,0.0,0.0,0.0,0.0,3.0,0.0,0.0,0.0,1.0
I_ILE250,4.5,0.6,1,1,4,0,0,0,0,0,3,0,0,0,4.2,0.6,1.0,1.0,3.0,0.0,0.0,0.0,0.0,2.0,1.0,0.0,0.0,0.0
I_VAL251,4.2,0.6,1,1,3,0,0,0,0,0,2,1,0,0,-0.8,-0.19,2.0,2.0,0.0,0.0,0.0,0.0,0.0,3.0,0.0,0.0,0.0,0.0
I_SER252,-0.8,-0.19,2,2,0,0,0,0,0,0,3,0,0,0,-0.4,0.43,1.0,1.0,0.0,0.0,0.0,0.0,0.0,2.0,0.0,0.0,0.0,1.0
I_GLY253,-0.4,0.43,1,1,0,0,0,0,0,0,2,0,0,0,-3.9,-1.62,2.0,1.0,3.0,1.0,0.0,0.0,0.0,2.0,3.0,0.0,0.0,0.0
I_LYS254,-3.9,-1.62,2,1,3,1,0,0,0,0,2,3,0,0,-1.3,-0.15,2.0,2.0,6.0,0.0,0.0,6.0,0.0,2.0,6.0,0.0,0.0,1.0
I_TYR255,-1.3,-0.15,2,2,6,0,0,6,0,0,2,6,0,0,1.8333333333333333,0.22666666666666666,1.0,1.6666666666666667,3.0,0.0,0.6666666666666666,0.0,0.0,2.0,1.0,0.0,0.0,0.0
I_ASP256,-3.5,-0.52,1,3,1,0,2,0,0,0,2,0,0,0,-0.8,-0.19,2.0,2.0,0.0,0.0,0.0,0.0,0.0,2.0,0.0,0.0,0.0,0.0
I_SER257,-0.8,-0.19,2,2,0,0,0,0,0,0,2,0,0,0,-0.4,0.43,1.0,1.0,0.0,0.0,0.0,0.0,0.0,2.0,0.0,0.0,0.0,0.0
I_GLY258,-0.4,0.43,1,1,0,0,0,0,0,0,2,0,0,0,4.5,0.6,1.0,1.0,4.0,0.0,0.0,0.0,0.0,1.0,1.0,0.0,0.0,0.0
I_ILE259,4.5,0.6,1,1,4,0,0,0,0,0,1,1,0,0,0.0,0.0,0.0,0.0,0.0,0.0,0.0,0.0,0.0,0.0,0.0,0.0,0.0,0.0
I_PRO260,-1.6,-0.42,0,1,2,0,0,0,0,0,0,0,0,0,0.0,0.0,0.0,0.0,0.0,0.0,0.0,0.0,0.0,0.0,0.0,0.0,0.0,0.0
I_PRO261,-1.6,-0.42,0,1,2,0,0,0,0,0,1,0,0,0,-1.3,-0.15,2.0,2.0,6.0,0.0,0.0,6.0,0.0,2.0,0.0,0.0,0.0,0.0
I_TYR262,-1.3,-0.15,2,2,6,0,0,6,0,0,2,0,0,0,-0.8,-0.19,2.0,2.0,0.0,0.0,0.0,0.0,0.0,2.0,0.0,0.0,0.0,0.0
I_SER263,-0.8,-0.19,2,2,0,0,0,0,0,0,2,0,0,0,-4.5,-1.14,4.0,1.0,2.0,4.0,0.0,0.0,0.0,2.0,0.0,0.0,0.0,1.0
I_ARG264,-4.5,-1.14,4,1,2,4,0,0,0,0,2,0,0,0,1.8,0.28,1.0,1.0,1.0,0.0,0.0,0.0,0.0,2.0,0.0,0.0,0.0,1.0
I_ALA265,1.8,0.28,1,1,1,0,0,0,0,0,2,0,0,0,-0.8,-0.19,2.0,2.0,0.0,0.0,0.0,0.0,0.0,2.0,0.0,0.0,0.0,0.0
I_SER266,-0.8,-0.19,2,2,0,0,0,0,0,0,2,0,0,0,3.8,0.6,1.0,1.0,4.0,0.0,0.0,0.0,0.0,2.0,0.0,0.0,0.0,0.0
I_LEU267,3.8,0.6,1,1,4,0,0,0,0,0,2,0,0,0,-3.9,-1.62,2.0,1.0,3.0,1.0,0.0,0.0,0.0,2.0,0.0,0.0,0.0,0.0
I_LYS268,-3.9,-1.62,2,1,3,1,0,0,0,0,2,0,0,0,-0.4,0.43,1.0,1.0,0.0,0.0,0.0,0.0,0.0,2.0,0.0,0.0,0.0,0.0
I_GLY269,-0.4,0.43,1,1,0,0,0,0,0,0,2,0,0,0,-1.3,-0.15,2.0,2.0,6.0,0.0,0.0,6.0,0.0,2.0,0.0,0.0,0.0,0.0
I_TYR270,-1.3,-0.15,2,2,6,0,0,6,0,0,2,0,0,0,-3.5,-0.69,2.0,2.0,2.0,0.0,0.0,0.0,0.0,3.0,0.0,0.0,0.0,0.0
I_GLN271,-3.5,-0.69,2,2,2,0,0,0,0,0,3,0,0,0,-2.2,-0.11500000000000002,1.5,2.0,4.0,0.0,1.0,4.5,0.0,3.0,0.5,0.0,0.0,0.0
I_TRP272,-0.9,0.29,2,1,7,0,0,9,0,0,3,1,0,0,-0.050000000000000044,-0.51,1.5,1.0,3.5,0.5,0.0,0.0,0.0,3.0,0.5,0.5,0.0,0.0
I_LEU273,3.8,0.6,1,1,4,0,0,0,0,0,3,0,0,0,0.30000000000000004,-0.51,1.5,1.0,3.5,0.5,0.0,0.0,0.0,2.5,1.0,0.0,0.0,0.0
I_LYS274,-3.9,-1.62,2,1,3,1,0,0,0,0,2,0,0,0,-3.5,-0.52,1.0,3.0,1.0,0.0,2.0,0.0,0.0,3.0,0.0,0.0,0.0,0.0
I_ASP275,-3.5,-0.52,1,3,1,0,2,0,0,0,3,0,0,0,-3.9,-1.62,2.0,1.0,3.0,1.0,0.0,0.0,0.0,3.0,1.0,1.0,0.0,0.0
I_LYS276,-3.9,-1.62,2,1,3,1,0,0,0,0,3,1,1,0,4.5,0.6,1.0,1.0,4.0,0.0,0.0,0.0,0.0,3.0,2.0,0.0,0.0,0.0
I_ILE277,4.5,0.6,1,1,4,0,0,0,0,0,3,2,0,0,3.8,0.6,1.0,1.0,4.0,0.0,0.0,0.0,0.0,2.0,0.0,0.0,0.0,0.0
I_LEU278,3.8,0.6,1,1,4,0,0,0,0,0,2,0,0,0,-0.8,-0.19,2.0,2.0,0.0,0.0,0.0,0.0,0.0,3.0,0.0,0.0,0.0,0.0
I_SER279,-0.8,-0.19,2,2,0,0,0,0,0,0,3,0,0,0,-4.0,-1.075,2.5,2.0,2.0,2.0,1.0,0.0,0.0,3.0,0.0,0.0,0.5,0.0
I_GLU280,-3.5,-1.01,1,3,2,0,2,0,0,0,2,0,0,1,-4.0,-1.075,2.5,2.0,2.0,2.0,1.0,0.0,0.0,2.0,0.0,0.0,4.5,0.0
I_GLU281,-3.5,-1.01,1,3,2,0,2,0,0,0,2,0,0,4,-2.45,-0.355,2.5,1.0,1.0,2.0,0.0,0.0,0.0,2.5,0.0,0.0,2.5,0.0
I_GLY282,-0.4,0.43,1,1,0,0,0,0,0,0,3,0,0,0,-4.0,-0.9149999999999999,3.0,1.5,2.0,2.0,0.0,0.0,0.0,4.0,0.0,0.0,0.0,0.0
I_ARG283,-4.5,-1.14,4,1,2,4,0,0,0,0,4,0,0,0,-1.35,-0.42999999999999994,2.5,1.0,1.5,2.0,0.0,0.0,0.0,2.5,0.0,0.0,2.5,0.0
I_ARG284,-4.5,-1.14,4,1,2,4,0,0,0,0,2,0,0,5,-3.5,-0.69,2.0,2.0,2.0,0.0,0.0,0.0,0.0,3.0,0.0,0.0,0.0,0.0
I_GLN285,-3.5,-0.69,2,2,2,0,0,0,0,0,3,0,0,0,0.1499999999999999,-0.044999999999999984,1.5,1.5,3.0,0.0,0.0,0.0,0.0,4.0,0.5,0.0,0.0,0.0
I_GLN286,-3.5,-0.69,2,2,2,0,0,0,0,0,4,0,0,0,-1.0499999999999998,-0.67,1.5,1.0,2.0,0.5,0.0,0.0,0.0,3.5,0.0,0.0,0.0,0.0
I_ALA287,1.8,0.28,1,1,1,0,0,0,0,0,3,0,0,0,-3.9,-1.62,2.0,1.0,3.0,1.0,0.0,0.0,0.0,3.0,0.0,0.0,0.0,0.0
I_LYS288,-3.9,-1.62,2,1,3,1,0,0,0,0,3,0,0,0,3.8,0.6,1.0,1.0,4.0,0.0,0.0,0.0,0.0,4.0,0.5,0.0,0.0,0.0
I_LEU289,3.8,0.6,1,1,4,0,0,0,0,0,4,1,0,0,-3.7,-1.155,2.0,1.5,2.5,0.5,0.0,0.0,0.0,4.0,0.0,0.0,0.0,0.0
I_LYS290,-3.9,-1.62,2,1,3,1,0,0,0,0,4,0,0,0,-0.85,-0.365,1.0,2.0,1.5,0.0,1.0,0.0,0.0,3.0,0.0,0.0,0.0,0.0
I_GLU291,-3.5,-1.01,1,3,2,0,2,0,0,0,2,0,0,0,3.8,0.6,1.0,1.0,4.0,0.0,0.0,0.0,0.0,4.0,0.0,0.0,0.0,0.0
I_LEU292,3.8,0.6,1,1,4,0,0,0,0,0,4,0,0,0,-0.85,-0.20499999999999996,1.5,1.5,1.5,0.0,0.0,0.0,0.0,3.5,0.5,0.0,0.0,0.0
I_GLN293,-3.5,-0.69,2,2,2,0,0,0,0,0,4,0,0,0,-0.85,-0.365,1.0,2.0,1.5,0.0,1.0,0.0,0.0,3.5,0.0,0.0,0.0,0.0
I_ALA294,1.8,0.28,1,1,1,0,0,0,0,0,4,0,0,0,0.0,-0.26999999999999996,2.5,1.0,3.0,2.0,0.0,0.0,0.0,3.0,1.0,0.0,4.0,0.0
I_ILE295,4.5,0.6,1,1,4,0,0,0,0,0,3,2,0,0,1.65,0.1175,1.0,1.5,2.75,0.0,0.5,0.0,0.0,3.75,0.75,0.0,2.0,0.0
I_ALA296,1.8,0.28,1,1,1,0,0,0,0,0,3,1,0,0,0.1499999999999999,-0.20500000000000002,1.0,2.0,3.0,0.0,1.0,0.0,0.0,3.0,0.5,0.0,0.0,0.0
I_GLU297,-3.5,-1.01,1,3,2,0,2,0,0,0,3,0,0,0,-4.5,-1.14,4.0,1.0,2.0,4.0,0.0,0.0,0.0,3.0,0.0,0.0,8.0,0.0
I_ARG298,-4.5,-1.14,4,1,2,4,0,0,0,0,3,0,0,8,0.1499999999999999,-0.20500000000000002,1.0,2.0,3.0,0.0,1.0,0.0,0.0,4.0,0.5,0.0,4.0,0.0
I_LEU299,3.8,0.6,1,1,4,0,0,0,0,0,3,0,0,0,-0.4,0.43,1.0,1.0,0.0,0.0,0.0,0.0,0.0,2.0,0.0,0.0,0.0,0.0
I_GLY300,-0.4,0.43,1,1,0,0,0,0,0,0,2,0,0,0,2.5,0.97,2.0,2.0,1.0,0.0,0.0,0.0,0.0,2.0,1.0,0.0,0.0,0.0
I_CYS301,2.5,0.97,2,2,1,0,0,0,1,0,2,1,0,0,1.75,0.13999999999999999,1.5,1.5,2.0,0.0,0.0,0.0,0.0,2.0,1.0,0.0,0.0,0.0
I_THR302,-0.7,-0.32,2,2,1,0,0,0,0,0,2,0,0,0,3.8,0.6,1.0,1.0,4.0,0.0,0.0,0.0,0.0,2.0,0.0,0.0,0.0,0.0
I_LEU303,3.8,0.6,1,1,4,0,0,0,0,0,2,0,0,0,1.8,0.28,1.0,1.0,1.0,0.0,0.0,0.0,0.0,3.0,0.0,0.0,0.0,0.0
I_PRO304,-1.6,-0.42,0,1,2,0,0,0,0,0,2,0,0,0,0.5,-0.044999999999999984,1.5,1.5,3.0,0.0,0.0,0.0,0.0,3.0,0.5,0.0,0.0,1.0
I_GLN305,-3.5,-0.69,2,2,2,0,0,0,0,0,3,0,0,0,2.8,0.44,1.0,1.0,2.5,0.0,0.0,0.0,0.0,3.0,1.0,0.0,0.0,0.0
I_LEU306,3.8,0.6,1,1,4,0,0,0,0,0,3,1,0,0,0.45,0.28500000000000003,1.5,1.0,4.0,0.0,0.0,4.5,0.0,3.5,0.0,0.0,0.0,0.0
I_ALA307,1.8,0.28,1,1,1,0,0,0,0,0,3,0,0,0,4.5,0.6,1.0,1.0,4.0,0.0,0.0,0.0,0.0,3.0,1.0,0.0,0.0,0.0
I_ILE308,4.5,0.6,1,1,4,0,0,0,0,0,3,1,0,0,-0.85,-0.135,1.5,1.5,1.0,0.0,0.0,0.0,0.0,3.0,1.0,0.0,0.0,0.0
I_ALA309,1.8,0.28,1,1,1,0,0,0,0,0,3,1,0,0,1.6500000000000001,0.44499999999999995,1.5,1.0,5.0,0.0,0.0,4.5,0.0,3.0,1.0,0.0,0.0,0.0
I_TRP310,-0.9,0.29,2,1,7,0,0,9,0,0,4,0,0,0,-1.0,-0.08499999999999996,3.0,1.5,1.5,2.0,0.0,0.0,0.0,2.5,0.0,3.5,4.5,0.0
I_CYS311,2.5,0.97,2,2,1,0,0,0,1,0,2,0,0,0,3.8,0.6,1.0,1.0,4.0,0.0,0.0,0.0,0.0,2.0,1.0,0.0,0.0,0.0
I_LEU312,3.8,0.6,1,1,4,0,0,0,0,0,2,1,0,0,-4.5,-1.14,4.0,1.0,2.0,4.0,0.0,0.0,0.0,3.0,0.0,7.0,9.0,0.0
I_ARG313,-4.5,-1.14,4,1,2,4,0,0,0,0,3,0,7,9,-3.5,-0.535,1.5,2.5,1.0,0.0,1.0,0.0,0.0,2.5,0.0,0.0,5.5,0.0
I_ASN314,-3.5,-0.55,2,2,1,0,0,0,0,0,2,0,0,0,-3.5,-1.01,1.0,3.0,2.0,0.0,2.0,0.0,0.0,2.0,0.0,0.0,7.0,0.0
I_GLU315,-3.5,-1.01,1,3,2,0,2,0,0,0,2,0,0,7,-0.4,0.43,1.0,1.0,0.0,0.0,0.0,0.0,0.0,2.0,0.0,0.0,0.0,0.0
I_GLY316,-0.4,0.43,1,1,0,0,0,0,0,0,2,0,0,0,4.2,0.6,1.0,1.0,3.0,0.0,0.0,0.0,0.0,2.0,0.0,0.0,0.0,0.0
I_VAL317,4.2,0.6,1,1,3,0,0,0,0,0,2,0,0,0,-0.8,-0.19,2.0,2.0,0.0,0.0,0.0,0.0,0.0,2.0,0.0,0.0,0.0,0.0
I_SER318,-0.8,-0.19,2,2,0,0,0,0,0,0,2,0,0,0,-0.8,-0.19,2.0,2.0,0.0,0.0,0.0,0.0,0.0,3.0,0.0,0.0,0.0,0.0
I_SER319,-0.8,-0.19,2,2,0,0,0,0,0,0,3,0,0,0,4.2,0.6,1.0,1.0,3.0,0.0,0.0,0.0,0.0,5.0,0.0,0.0,0.0,0.0
I_VAL320,4.2,0.6,1,1,3,0,0,0,0,0,5,0,0,0,3.8,0.6,1.0,1.0,4.0,0.0,0.0,0.0,0.0,2.0,0.0,0.0,0.0,0.0
I_LEU321,3.8,0.6,1,1,4,0,0,0,0,0,2,0,0,0,3.8,0.6,1.0,1.0,4.0,0.0,0.0,0.0,0.0,4.0,0.0,0.0,0.0,1.0
I_LEU322,3.8,0.6,1,1,4,0,0,0,0,0,4,0,0,0,-0.4,0.43,1.0,1.0,0.0,0.0,0.0,0.0,0.0,2.0,0.0,0.0,0.0,1.0
I_GLY323,-0.4,0.43,1,1,0,0,0,0,0,0,2,0,0,0,1.8,0.28,1.0,1.0,1.0,0.0,0.0,0.0,0.0,2.0,0.0,0.0,0.0,1.0
I_ALA324,1.8,0.28,1,1,1,0,0,0,0,0,2,0,0,0,-0.8,-0.19,2.0,2.0,0.0,0.0,0.0,0.0,0.0,3.0,0.0,0.0,0.0,0.0
I_SER325,-0.8,-0.19,2,2,0,0,0,0,0,0,3,0,0,0,-3.5,-0.62,2.0,2.0,1.5,0.0,0.0,0.0,0.0,3.0,0.0,0.0,0.0,1.0
I_ASN326,-3.5,-0.55,2,2,1,0,0,0,0,0,2,0,0,0,1.8,0.28,1.0,1.0,1.0,0.0,0.0,0.0,0.0,3.0,0.0,0.0,0.0,0.0
I_ALA327,1.8,0.28,1,1,1,0,0,0,0,0,3,0,0,0,-0.8,-0.04500000000000001,1.0,2.5,2.0,0.0,1.0,0.0,0.0,3.0,0.0,0.0,0.0,0.0
I_ASP328,-3.5,-0.52,1,3,1,0,2,0,0,0,3,0,0,0,-3.5,-0.85,1.5,2.5,2.0,0.0,1.0,0.0,0.0,3.5,0.0,0.0,0.0,0.0
I_GLN329,-3.5,-0.69,2,2,2,0,0,0,0,0,4,0,0,0,0.1499999999999999,0.024999999999999967,1.5,1.5,2.5,0.0,0.0,0.0,0.0,3.0,1.0,0.0,0.0,1.0
I_LEU330,3.8,0.6,1,1,4,0,0,0,0,0,3,1,0,0,3.2,0.515,1.0,1.5,3.5,0.0,0.0,0.0,0.0,3.5,0.0,0.0,0.0,0.0
I_MET331,1.9,0.43,1,2,3,0,0,0,0,0,3,0,0,0,-3.5,-1.01,1.0,3.0,2.0,0.0,2.0,0.0,0.0,3.0,0.0,0.0,0.0,0.0
I_GLU332,-3.5,-1.01,1,3,2,0,2,0,0,0,3,0,0,0,-3.5,-0.55,2.0,2.0,1.0,0.0,0.0,0.0,0.0,3.0,1.0,0.0,0.0,1.0
I_ASN333,-3.5,-0.55,2,2,1,0,0,0,0,0,3,1,0,0,4.5,0.6,1.0,1.0,4.0,0.0,0.0,0.0,0.0,4.0,0.0,0.0,0.0,1.0
I_ILE334,4.5,0.6,1,1,4,0,0,0,0,0,4,0,0,0,0.7,0.355,1.0,1.0,0.5,0.0,0.0,0.0,0.0,3.0,0.0,0.0,0.0,0.0
I_GLY335,-0.4,0.43,1,1,0,0,0,0,0,0,2,0,0,0,1.8,0.28,1.0,1.0,1.0,0.0,0.0,0.0,0.0,4.0,0.0,0.0,0.0,0.0
I_ALA336,1.8,0.28,1,1,1,0,0,0,0,0,4,0,0,0,4.15,0.6,1.0,1.0,4.0,0.0,0.0,0.0,0.0,2.0,2.0,0.0,0.0,0.0
I_ILE337,4.5,0.6,1,1,4,0,0,0,0,0,2,3,0,0,-3.5,-0.69,2.0,2.0,2.0,0.0,0.0,0.0,0.0,2.0,0.0,0.0,0.0,0.0
I_GLN338,-3.5,-0.69,2,2,2,0,0,0,0,0,2,0,0,0,4.2,0.6,1.0,1.0,3.0,0.0,0.0,0.0,0.0,2.0,2.0,0.0,0.0,0.0
I_VAL339,4.2,0.6,1,1,3,0,0,0,0,0,2,2,0,0,3.8,0.6,1.0,1.0,4.0,0.0,0.0,0.0,0.0,2.0,1.0,0.0,0.0,0.0
I_LEU340,3.8,0.6,1,1,4,0,0,0,0,0,2,1,0,0,0.0,0.0,0.0,0.0,0.0,0.0,0.0,0.0,0.0,0.0,0.0,0.0,0.0,0.0
I_PRO341,-1.6,-0.42,0,1,2,0,0,0,0,0,1,0,0,0,-3.9,-1.62,2.0,1.0,3.0,1.0,0.0,0.0,0.0,2.0,0.0,0.0,0.0,0.0
I_LYS342,-3.9,-1.62,2,1,3,1,0,0,0,0,2,0,0,0,3.8,0.6,1.0,1.0,4.0,0.0,0.0,0.0,0.0,2.0,0.0,0.0,0.0,0.0
I_LEU343,3.8,0.6,1,1,4,0,0,0,0,0,2,0,0,0,-0.8,-0.19,2.0,2.0,0.0,0.0,0.0,0.0,0.0,2.0,0.0,0.0,0.0,0.0
I_SER344,-0.8,-0.19,2,2,0,0,0,0,0,0,2,0,0,0,-0.8,-0.19,2.0,2.0,0.0,0.0,0.0,0.0,0.0,3.0,0.0,0.0,0.0,0.0
I_SER345,-0.8,-0.19,2,2,0,0,0,0,0,0,3,0,0,0,-2.0,-0.25,2.5,2.5,0.5,1.0,0.0,2.5,0.0,3.5,0.0,0.0,0.0,0.0
I_SER346,-0.8,-0.19,2,2,0,0,0,0,0,0,3,0,0,0,0.5,-0.20500000000000002,1.0,2.0,3.0,0.0,1.0,0.0,0.0,4.0,0.5,0.0,4.0,0.0
I_ILE347,4.5,0.6,1,1,4,0,0,0,0,0,3,0,0,0,4.5,0.6,1.0,1.0,4.0,0.0,0.0,0.0,0.0,3.5,0.0,0.0,0.0,0.0
I_ILE348,4.5,0.6,1,1,4,0,0,0,0,0,3,0,0,0,-3.35,-0.41500000000000004,2.0,3.0,1.0,1.0,1.0,2.5,0.0,3.5,0.0,0.0,5.5,0.0
I_HIS349,-3.2,-0.31,3,3,1,2,0,5,0,0,4,0,0,0,-2.15,-0.6,1.5,2.5,1.0,0.0,1.0,0.0,0.0,5.0,0.5,0.0,4.0,0.0
I_GLU350,-3.5,-1.01,1,3,2,0,2,0,0,0,5,1,0,8,2.733333333333333,0.33666666666666667,1.3333333333333333,1.3333333333333333,2.6666666666666665,0.0,0.0,0.0,0.0,4.333333333333333,0.3333333333333333,0.0,0.0,0.0
I_ILE351,4.5,0.6,1,1,4,0,0,0,0,0,4,0,0,0,0.1499999999999999,0.03999999999999998,1.0,2.0,2.5,0.0,1.0,0.0,0.0,3.0,0.0,0.0,5.5,0.0
I_ASP352,-3.5,-0.52,1,3,1,0,2,0,0,0,3,0,0,11,-2.35,-0.905,2.0,1.5,1.5,0.5,0.0,0.0,0.0,3.0,0.0,0.0,0.5,0.0
I_SER353,-0.8,-0.19,2,2,0,0,0,0,0,0,5,0,0,0,4.5,0.6,1.0,1.0,4.0,0.0,0.0,0.0,0.0,4.0,1.0,0.0,0.0,0.0
I_ILE354,4.5,0.6,1,1,4,0,0,0,0,0,4,1,0,0,3.8,0.6,1.0,1.0,4.0,0.0,0.0,0.0,0.0,3.0,0.0,0.0,0.0,0.0
I_LEU355,3.8,0.6,1,1,4,0,0,0,0,0,3,0,0,0,-0.4,0.43,1.0,1.0,0.0,0.0,0.0,0.0,0.0,2.0,0.0,0.0,0.0,0.0
I_GLY356,-0.4,0.43,1,1,0,0,0,0,0,0,2,0,0,0,-3.5,-0.55,2.0,2.0,1.0,0.0,0.0,0.0,0.0,2.0,0.0,0.0,0.0,0.0
I_ASN357,-3.5,-0.55,2,2,1,0,0,0,0,0,2,0,0,0,-3.9,-1.62,2.0,1.0,3.0,1.0,0.0,0.0,0.0,1.0,0.0,0.0,1.0,0.0
I_LYS358,-3.9,-1.62,2,1,3,1,0,0,0,0,1,0,0,1,0.0,0.0,0.0,0.0,0.0,0.0,0.0,0.0,0.0,0.0,0.0,0.0,0.0,0.0
I_PRO359,-1.6,-0.42,0,1,2,0,0,0,0,0,1,1,0,0,-1.3,-0.15,2.0,2.0,6.0,0.0,0.0,6.0,0.0,2.0,0.0,0.0,0.0,0.0
I_TYR360,-1.3,-0.15,2,2,6,0,0,6,0,0,2,0,0,0,-0.8,-0.19,2.0,2.0,0.0,0.0,0.0,0.0,0.0,1.0,0.0,0.0,0.0,0.0
I_SER361,-0.8,-0.19,2,2,0,0,0,0,0,0,1,0,0,0,0.0,0.0,0.0,0.0,0.0,0.0,0.0,0.0,0.0,0.0,0.0,0.0,0.0,0.0
